"id";"parent_id";"level";"object_id";"object_type";"query_status";"query_time";"query_type";"name";"message"
"2";"1";"1";"165039663531531_2795140440521427";"data";"fetched (200)";"2020-02-18 19:16:41.393714";"Facebook:/<page-id>/posts";"";"How do you tell someone that you love them? With words? Bo-ring! Show your special someone (or somemob) how you feel about them with Minecraft instead! redsto.ne/expressyourlove"
"3";"1";"1";"165039663531531_2790081681027303";"data";"fetched (200)";"2020-02-18 19:16:41.393714";"Facebook:/<page-id>/posts";"";"Think breathing fire is a dragon’s only party trick? Think again! Traverse this frozen wasteland full of ice goblins and crystal spiders for a chance at taming that most bone-chilling of foes: the mighty Winter Dragon! redsto.ne/winterdragon"
"4";"1";"1";"165039663531531_2792715194097285";"data";"fetched (200)";"2020-02-18 19:16:41.393714";"Facebook:/<page-id>/posts";"";"A balanced diet includes all the major food groups: cake, suspicious stews, and of course: a juicy porkchop!  Learn all about this tasty snack and/or very cute name for your firstborn child: redsto.ne/porkchop"
"5";"1";"1";"165039663531531_2790633714305433";"data";"fetched (200)";"2020-02-18 19:16:41.393714";"Facebook:/<page-id>/posts";"";"Laws of physics, you say? They’re really more guidelines, say the 145 creators behind Illegal Architecture. And if this beautiful render doesn’t convince you, just take a stroll through this patchwork of architectural styles yourself! redsto.ne/illegalarchitecture"
"6";"1";"1";"165039663531531_2788566167845521";"data";"fetched (200)";"2020-02-18 19:16:41.393714";"Facebook:/<page-id>/posts";"";"Are you up for a challenge? Let's spin the Wheel of Misfortune! Close your eyes and scroll the hotbar – for the next two game days, survive using only that item!"
"7";"1";"1";"165039663531531_2784715458230592";"data";"fetched (200)";"2020-02-18 19:16:41.393714";"Facebook:/<page-id>/posts";"";"What makes a mob truly terrifying? Why, flappy ears of course! Get ready to shiver and shake when the updated Zombified Piglin model comes knocking on your door!"
"8";"1";"1";"165039663531531_2782385105130294";"data";"fetched (200)";"2020-02-18 19:16:41.393714";"Facebook:/<page-id>/posts";"";"If you’ve ever been to an art show, you’ll know that all the best exhibitions feature parkour, ninjas and giant flytraps. Today’s journey through the latest additions to Java Realms is no different!  ↣ redsto.ne/javarealmsexhibition ↢"
"9";"1";"1";"165039663531531_2775549172480554";"data";"fetched (200)";"2020-02-18 19:16:41.393714";"Facebook:/<page-id>/posts";"";"ICYMI on Marketplace: Model City by Netherpixel. How do you get up those high towers, you ask? Why, rocket-propelled vehicles of course! Soar through the skies of this futuristic city in anything from flashy sports cars to hover bikes! redsto.ne/modelcity"
"10";"1";"1";"165039663531531_2780292105339594";"data";"fetched (200)";"2020-02-18 19:16:41.393714";"Facebook:/<page-id>/posts";"";"The End is near! Assuming you’re next to a portal, anyway.  Learn all about the site of your epic showdown with the Ender Dragon in this final episode of 10 Things You Didn’t Know About Minecraft! youtu.be/OS5LMnCg5_g"
"11";"1";"1";"165039663531531_2778315892203882";"data";"fetched (200)";"2020-02-18 19:16:41.393714";"Facebook:/<page-id>/posts";"";"We’re hitting the ground running with this first Marketplace roundup of the year: a whopping six handpicked maps full of galaxy-saving, ghost-hunting and dinosaur-digging! redsto.ne/mp-january"
"12";"1";"1";"165039663531531_2778116138890524";"data";"fetched (200)";"2020-02-18 19:16:41.393714";"Facebook:/<page-id>/posts";"";"You have my axe! No seriously, that’s my axe, give it back.  Learn all about this cutting-edge tool in this week’s Taking Inventory: redsto.ne/axe"
"13";"1";"1";"165039663531531_2774352949266843";"data";"fetched (200)";"2020-02-18 19:16:41.393714";"Facebook:/<page-id>/posts";"";"Gear up! The Woodland Mansion is filled to the brim with sweet sweet treasure, but first you’ll have to get past the many ferocious mobs that guard it. Which 3 of these items will you bring to face the dangers ahead?"
"14";"1";"1";"165039663531531_2774058499296288";"data";"fetched (200)";"2020-02-18 19:16:41.393714";"Facebook:/<page-id>/posts";"";"From the ocean floors all the way to the clouds above: there’s plenty of adventure to be had in this month’s additions to Realms Plus! redsto.ne/rp-february"
"15";"1";"1";"165039663531531_2761829130519225";"data";"fetched (200)";"2020-02-18 19:16:41.393714";"Facebook:/<page-id>/posts";"";"ICYMI on Marketplace: Knight School by Everbloom Games. Is that one sword not enough to satisfy your medieval aspirations? Not to worry! Grab yourself a horse, some armour and some horse armour, and get ready for a valiant new adventure!  ↣ redsto.ne/knightschool ↢"
"16";"1";"1";"165039663531531_2763994456969359";"data";"fetched (200)";"2020-02-18 19:16:41.393714";"Facebook:/<page-id>/posts";"";"You may not have the power to leave shipwrecks in your wake, but at least you’ll look positively fearsome wielding the mighty trident!  ↣ redsto.ne/trident ↢"
"17";"1";"1";"165039663531531_2760049297363875";"data";"fetched (200)";"2020-02-18 19:16:41.393714";"Facebook:/<page-id>/posts";"";"Name a more iconic duo, we'll wait."
"18";"1";"1";"165039663531531_2754113684624103";"data";"fetched (200)";"2020-02-18 19:16:41.393714";"Facebook:/<page-id>/posts";"";"Surviving the night is fun and all, but have you tried surviving the night in style? Learn how to build a display case, a BBQ grill and even a fully functional hot tub from the crafty folks over at /r/detailcraft! redsto.ne/craftycomforts"
"19";"1";"1";"165039663531531_2747470938621711";"data";"fetched (200)";"2020-02-18 19:16:41.393714";"Facebook:/<page-id>/posts";"";"ICYMI on Marketplace: Beehive by Cubecraft Games. Is everyone always up in your beeswax? Worry not, there’s plenty to go around! Ride your pollinating pal through honeycomb caves and fields of giant flowers in this sweet, sweet world! redsto.ne/beehive"
"20";"1";"1";"165039663531531_2750009308367874";"data";"fetched (200)";"2020-02-18 19:16:41.393714";"Facebook:/<page-id>/posts";"";"Minecraft melons are just like their real-life counterparts: really fun to swing a sword at. And they’ll even reward you with some tasty, tasty treats! redsto.ne/melonslice"
"21";"1";"1";"165039663531531_2746283488740456";"data";"fetched (200)";"2020-02-18 19:16:41.393714";"Facebook:/<page-id>/posts";"";"You can run, but you can’t hide from your favourite intrusive salesman, the Wandering Trader. What wares do you like to see when they appear? (And don't you dare say lead.)"
"22";"1";"1";"165039663531531_2737686416266830";"data";"fetched (200)";"2020-02-18 19:16:41.393714";"Facebook:/<page-id>/posts";"";"ICYMI on Marketplace: Spider Cavern by Shaliquinn's Schematics. What’s your favourite animal? If you said “tyrannical giant spider who may or may not devour my face”, you’re in luck! Conquer the cobwebs and face the Spider King on this secluded, bone-covered island! redsto.ne/spidercavern"
"23";"1";"1";"165039663531531_2736165623085576";"data";"fetched (200)";"2020-02-18 19:16:41.393714";"Facebook:/<page-id>/posts";"";"The graceful lilac flower isn’t just pretty to look at; it also makes other things pretty to look at! Once you crush it up into a fine powder, that is. redsto.ne/lilac"
"24";"1";"1";"165039663531531_2732051773496961";"data";"fetched (200)";"2020-02-18 19:16:41.393714";"Facebook:/<page-id>/posts";"";"Beauty is in the eye of the beholder – for better or for worse. If you could only use two block types for the rest of your life, which combo would you pick?"
"25";"1";"1";"165039663531531_2723333014368837";"data";"fetched (200)";"2020-02-18 19:16:41.393714";"Facebook:/<page-id>/posts";"";"ICYMI on Marketplace: World of Magic by Cyclone Designs. Is your life tragically devoid of fireballs and casually summoned tornadoes? Despair no more! This supernatural school has 11 different spells for you to master – and plenty of monstrous bosses to practise on. redsto.ne/worldofmagic"
"26";"1";"1";"165039663531531_2723025671066238";"data";"fetched (200)";"2020-02-18 19:16:41.393714";"Facebook:/<page-id>/posts";"";"How do we know so many languages? Where are the dungeons in Dungeons? Were any pandas harmed in the making of this game? We sat down to answer all your latest questions in this sixth episode of Ask Mojang! youtu.be/oxg1HYXXRrk"
"27";"1";"1";"minecraft";"offcut";"fetched (200)";"2020-02-18 19:16:41.393714";"Facebook:/<page-id>/posts";"";""
"28";"1";"1";"165039663531531_2720908254611313";"data";"fetched (200)";"2020-02-18 19:16:42.029373";"Facebook:/<page-id>/posts";"";"A shopping list; a diss track; a heartfelt poem: craft yourself some sturdy signs and write to your heart’s content! As long as your heart’s content fits on four lines, that is. redsto.ne/sign"
"29";"1";"1";"165039663531531_2718808721487933";"data";"fetched (200)";"2020-02-18 19:16:42.029373";"Facebook:/<page-id>/posts";"";"Traversing a bubblegum forest, sneaking through haunted halls and then taking to the skies… Just another month on Realms Plus! Check out January’s additions to your subscription: redsto.ne/rpjanuary"
"30";"1";"1";"165039663531531_2716677955034343";"data";"fetched (200)";"2020-02-18 19:16:42.029373";"Facebook:/<page-id>/posts";"";"Move out of the cave. Lay off the rotten flesh. Stop hoarding dirt. OK, maybe ""don’t be a total caveman” doesn't seem an ambitious New Year’s resolution, but it made our list of bad habits to kick in Minecraft this year! What are yours? redsto.ne/newyearsresolutions"
"31";"1";"1";"165039663531531_2712661262102679";"data";"fetched (200)";"2020-02-18 19:16:42.029373";"Facebook:/<page-id>/posts";"";"The weather may be chilly, but Steve’s been keeping warm – he built himself these two nearly-identical igloos! How many differences can you spot? Quick, before they melt!"
"32";"1";"1";"165039663531531_2673266949375444";"data";"fetched (200)";"2020-02-18 19:16:42.029373";"Facebook:/<page-id>/posts";"";"ICYMI on Marketplace: Stealth by Shapescape. Some people don’t just survive the night – they thrive in it. Channel your inner ninja and take on the evil mage that has taken control of your village! redsto.ne/stealth"
"33";"1";"1";"165039663531531_2701226759912796";"data";"fetched (200)";"2020-02-18 19:16:42.029373";"Facebook:/<page-id>/posts";"";"In 2019, the Minecraft universe has grown bigger, better and blockier than ever before – and we’re so glad you were a part of it! Thank you all for an amazing year, and see you in 2020! 🎉 #HappyNewYear"
"34";"1";"1";"165039663531531_2697078190327653";"data";"fetched (200)";"2020-02-18 19:16:42.029373";"Facebook:/<page-id>/posts";"";"Want all the spectacle of your own fireworks show, without the minor inconvenience of burning your house down? Do it in Minecraft instead! Here’s exactly how to pull it off, you pyromaniac you: redsto.ne/nyefireworksdisplay"
"35";"1";"1";"165039663531531_2695041043864701";"data";"fetched (200)";"2020-02-18 19:16:42.029373";"Facebook:/<page-id>/posts";"";"A desert island surrounded by glacial spires as far as the eye can see – perfect for a potential build. Give us some seedspiration with your take on this castaway retreat in the comments below! Seed: -7865816549737130316"
"36";"1";"1";"165039663531531_2692798467422292";"data";"fetched (200)";"2020-02-18 19:16:42.029373";"Facebook:/<page-id>/posts";"";"Why did we keep redesigning the Wandering Trader? What did the Drowned originally look like? Why is Steve so obnoxious in this series? Find out the answers to some of those mysteries in the new episode of 10 Things You Didn't Know About Minecraft! youtu.be/8jI4Qfj7U6Q"
"37";"1";"1";"165039663531531_2688934474475358";"data";"fetched (200)";"2020-02-18 19:16:42.029373";"Facebook:/<page-id>/posts";"";"The real gift was inside of us all along – or were we inside the real gift? It’s hard to tell with these snazzy free holiday skins, but they’re yours either way! redsto.ne/freeholidayskin"
"38";"1";"1";"165039663531531_2686501711385301";"data";"fetched (200)";"2020-02-18 19:16:42.029373";"Facebook:/<page-id>/posts";"";"To celebrate the holiday season, we asked Jeb if he would answer your Minecraft questions! He refused. But after three days of intense negotiations resulted in us agreeing to let him keep the hat, he said yes. Hooray! youtu.be/EvT5G1p03OI"
"39";"1";"1";"165039663531531_2684646261570846";"data";"fetched (200)";"2020-02-18 19:16:42.029373";"Facebook:/<page-id>/posts";"";"Happy holidays from the entire Minecraft.net team! Join us for a look back at the last year of Minecraft, some of our favourite community builds of 2019, and an exciting glimpse into the future! BRING A GIFT. redsto.ne/happyholidays2019"
"40";"1";"1";"165039663531531_2682693138432825";"data";"fetched (200)";"2020-02-18 19:16:42.029373";"Facebook:/<page-id>/posts";"";"It's time for Taking Inventory: CHRISTMAS SPECIAL! What's Christmassy about 'bones'? Well... er... look, it's been a long year. Enjoy! redsto.ne/bone"
"41";"1";"1";"165039663531531_2680467325322073";"data";"fetched (200)";"2020-02-18 19:16:42.029373";"Facebook:/<page-id>/posts";"";"Love decorating Christmas trees, but sick of them constantly falling over and crushing you? Likewise! That's why we've made a guide to how to build the perfect Christmas tree in Minecraft. Much safer! redsto.ne/christmastree"
"42";"1";"1";"165039663531531_2678439908858148";"data";"fetched (200)";"2020-02-18 19:16:42.029373";"Facebook:/<page-id>/posts";"";"It’s our Minecraft Marketplace Season of Giving sale! New discounts of up to 75% off every day, PLUS a free map today PLUS PLUS another free gift on December 25! Very nice of us, considering you didn’t get us anything... Find out more here! redsto.ne/seasonofgivinglaunch"
"43";"1";"1";"165039663531531_2668873003148172";"data";"fetched (200)";"2020-02-18 19:16:42.029373";"Facebook:/<page-id>/posts";"";"ICYMI on Marketplace: Dinosaur World by Pixelbiester. Feed, grow, ride and fly over 72 different perfectly docile reptiles – because if there’s one thing the movies have taught us, it’s that there’s zero risk in letting dinosaurs loose in a safari park!  redsto.ne/dinosaurworld"
"44";"1";"1";"165039663531531_2676194389082700";"data";"fetched (200)";"2020-02-18 19:16:42.029373";"Facebook:/<page-id>/posts";"";"The Olympics is NEXT year? And here we thought we had the perfect contestants for the track and field. Who would win this speedy challenge?"
"45";"1";"1";"165039663531531_2675985782436894";"data";"fetched (200)";"2020-02-18 19:16:42.029373";"Facebook:/<page-id>/posts";"";"Today’s featured builder, MinecraftRepro, makes real world monuments in Minecraft, like this swanky rendition of the Sydney Opera house. Bravo! Encore encore! redsto.ne/80builds"
"46";"1";"1";"165039663531531_2673803959321743";"data";"fetched (200)";"2020-02-18 19:16:42.029373";"Facebook:/<page-id>/posts";"";"Do you wish Minecraft’s new bees were a bit more realistic? Pearlescent Moon’s terrifying/brilliant bee build proves you should be careful what you wish for! redsto.ne/queenbeebuild"
"47";"1";"1";"165039663531531_2671785866190219";"data";"fetched (200)";"2020-02-18 19:16:42.029373";"Facebook:/<page-id>/posts";"";"What’s your favourite price to pay for Marketplace content? If it’s $5000 then we have some bad news. This new Minecraft map, Way of the Bee, is free for all our players! Sorry about that :( redsto.ne/freebeemap"
"48";"1";"1";"165039663531531_2667049409997198";"data";"fetched (200)";"2020-02-18 19:16:42.029373";"Facebook:/<page-id>/posts";"";"Our item of the week makes you feel like you can fly! Probably because they make it so you can actually fly. Funny how that works! redsto.ne/elytra"
"49";"1";"1";"165039663531531_2665003490201790";"data";"fetched (200)";"2020-02-18 19:16:42.029373";"Facebook:/<page-id>/posts";"";"It’s December 14th – which means it’s JAVA REALMS DAY. Join us as we celebrate this completely established and not-at-all-made-up holiday with 10 merry maps!  ↣ redsto.ne/javarealmsholidayspecial ↢"
"50";"1";"1";"165039663531531_2662085653826907";"data";"fetched (200)";"2020-02-18 19:16:42.029373";"Facebook:/<page-id>/posts";"";"ICYMI on Marketplace: Defend the kingdom on the back of a dragon, or role-play as king or queen in a medieval castle worthy of your decorative skills – all in TNTGames’ Kingdom Craft. redsto.ne/kingdomcraft"
"51";"1";"1";"165039663531531_2662616023773870";"data";"fetched (200)";"2020-02-18 19:16:42.029373";"Facebook:/<page-id>/posts";"";"As part of our ongoing bee celebrations, we want to challenge you – the Minecraft community – to an epic honey harvest! Your mission? From Dec 13 to Dec 15, harvest 50 MILLION honey bottles. Are you up to the task? redsto.ne/honeybottlechallenge"
"52";"1";"1";"165039663531531_2658453254190147";"data";"fetched (200)";"2020-02-18 19:16:42.029373";"Facebook:/<page-id>/posts";"";""
"53";"1";"1";"minecraft";"offcut";"fetched (200)";"2020-02-18 19:16:42.029373";"Facebook:/<page-id>/posts";"";""
"54";"1";"1";"165039663531531_2658436927525113";"data";"fetched (200)";"2020-02-18 19:16:42.029373";"Facebook:/<page-id>/posts";"";"The Buzzy Bees Update is now live on both Java and Bedrock – complete with homey hives, sticky honey blocks, and most importantly: bees! redsto.ne/beesnowlive"
"55";"1";"1";"165039663531531_2653791177989688";"data";"fetched (200)";"2020-02-18 19:16:42.029373";"Facebook:/<page-id>/posts";"";"Time to bring the whole extended family together for the holidays – the Bedrock version of Minecraft is coming to PlayStation 4! Cross-play to your heart’s content with your friends on Xbox One, Nintendo Switch, Windows 10, and mobile! What will you do together? 💚❤️💙 redsto.ne/ps4news"
"56";"1";"1";"165039663531531_2648959105139562";"data";"fetched (200)";"2020-02-18 19:16:42.029373";"Facebook:/<page-id>/posts";"";"Salsa! A delicious treat, a delightful dance, and now a decent build from Megatorious, the Scarlet Waltz! Actually, it’s far better than ‘decent’ - we just wanted another word beginning with D and we’d already used ‘delightful’ 😞 redsto.ne/thescarletwaltz"
"57";"1";"1";"165039663531531_2642334809135325";"data";"fetched (200)";"2020-02-18 19:16:42.029373";"Facebook:/<page-id>/posts";"";"ICYMI on Marketplace: Feed the Slime by Razzleberries. Head into four mesmerizing zones together with friends to catch, collect, and breed adorable little slime creatures. Don’t worry, they won’t bite! The slime that is, not sure about your friends. redsto.ne/feedtheslime"
"58";"1";"1";"165039663531531_2645082012193938";"data";"fetched (200)";"2020-02-18 19:16:42.029373";"Facebook:/<page-id>/posts";"";"There are two main uses for cocoa beans in Minecraft: 1) Make cookies 2) Make dyes  3) Make Taking Inventory articles about them Wait, that’s three uses. Drat! redsto.ne/cocoabeans"
"59";"1";"1";"165039663531531_2644871832214956";"data";"fetched (200)";"2020-02-18 19:16:42.029373";"Facebook:/<page-id>/posts";"";"The End isn’t just a realm full of mystery and dead space – it’s also the name of our latest novel that's available now! Featuring everything from pompous Endermen to a grumpy Shulker named... Grumpo? We sat down with its amazing author, Catherynne M. Valente, to learn more! redsto.ne/theend"
"60";"1";"1";"165039663531531_2640047122697427";"data";"fetched (200)";"2020-02-18 19:16:42.029373";"Facebook:/<page-id>/posts";"";"Hold onto your antennae, everyone. Don’t have them? Grab someone else’s! Buzzy Bees, the upcoming holiday update featuring our flappy fuzzballs, is inbound – and we got plenty of sweet plans leading up to its release! Flutter over to Minecraft.net to learn more! redsto.ne/buzzybees"
"61";"1";"1";"165039663531531_2640148369353969";"data";"fetched (200)";"2020-02-18 19:16:42.029373";"Facebook:/<page-id>/posts";"";"Your realm, your rules. Invite your friends and discover over 50 worlds, textures and more with the all-new Realms Plus! Learn all about it: https://redsto.ne/realmsplus"
"62";"1";"1";"165039663531531_2638108866224586";"data";"fetched (200)";"2020-02-18 19:16:42.029373";"Facebook:/<page-id>/posts";"";"Why are Minecraft’s dolphins such jerks? Why does the Wandering Trader offer such poor merchandise? Find out all that and (maybe) more in our new video, Ten Things You Didn’t Know About Minecraft Items! youtu.be/YUM7XiEX1DI"
"63";"1";"1";"165039663531531_2631347010234105";"data";"fetched (200)";"2020-02-18 19:16:42.029373";"Facebook:/<page-id>/posts";"";"A true inventor uses a lever in all their contraptions! Don’t agree? Pull yourself together and have a read through our latest Taking Inventory! redsto.ne/lever"
"64";"1";"1";"165039663531531_2631442303557909";"data";"fetched (200)";"2020-02-18 19:16:42.029373";"Facebook:/<page-id>/posts";"";"These eerie-looking vines are hanging around in Red Netherwart forests, but what are they for? Do piglins weave them into crossbow string? Do hoglins use them to floss their tusks?"
"65";"1";"1";"165039663531531_2630557990313007";"data";"fetched (200)";"2020-02-18 19:16:42.029373";"Facebook:/<page-id>/posts";"";"We might be heading into December, but there's still plenty of time to enjoy some terrific Marketplace content from October! Check out what the content team thought of some wild frontiers, safari worlds, and a haunted house. redsto.ne/marketplaceoct"
"66";"1";"1";"165039663531531_2630549896980483";"data";"fetched (200)";"2020-02-18 19:16:42.029373";"Facebook:/<page-id>/posts";"";"ICYMI on Marketplace: Wizards Keep by Monster Egg Studios. Do you dabble in magic? A fan of the ancient arcane? You came to the right place, wannabe wizard! Explore a mysterious island and the old abandoned wizard keep and discover the long-forgotten knowledge lost inside. redsto.ne/wizardskeep"
"67";"1";"1";"165039663531531_2626309167404556";"data";"fetched (200)";"2020-02-18 19:16:42.029373";"Facebook:/<page-id>/posts";"";"What better way to celebrate our amazing content creators than with six-day BLOCK FRIDAY sale? Discover adventures, mash-up packs, skins, and mini-games in the Marketplace – all with discounts up to 75% on select items, each day up until December 2nd! redsto.ne/blockfriday2019"
"68";"1";"1";"165039663531531_2626318714070268";"data";"fetched (200)";"2020-02-18 19:16:42.029373";"Facebook:/<page-id>/posts";"";"How did we make the Minecraft: Builders & Biomes board game? Easy! We wrote the word ‘Minecraft’ on a chessboard and called it a day. Oh, wait, we actually did loads of stuff that definitely wasn’t that. redsto.ne/makingofboardgame"
"69";"1";"1";"165039663531531_2615093391859467";"data";"fetched (200)";"2020-02-18 19:16:42.029373";"Facebook:/<page-id>/posts";"";"We sent our best and brightest writer for a rigorous boot camp to bring you this week’s Taking Inventory. Learn all there is to know about our blocky footwear – the boots! redsto.ne/boots"
"70";"1";"1";"165039663531531_2615058128529660";"data";"fetched (200)";"2020-02-18 19:16:42.029373";"Facebook:/<page-id>/posts";"";"Journey into the unknown as Disney’s Frozen enters the Minecraft universe. Explore the blocky realm of Arendelle: play mini-games, complete puzzles, or decorate the castle together with your favourite Frozen characters – including Elsa, Anna, Kristoff, Olaf, and many others! Available now on Minecraft Marketplace! redsto.ne/frozen2"
"71";"1";"1";"165039663531531_2613185908716882";"data";"fetched (200)";"2020-02-18 19:16:42.029373";"Facebook:/<page-id>/posts";"";"ICYMI on Marketplace – ‘Science Facility’ by Cubecraft Games. Face off with mad professors and brew suspiciously-glowing potions as you explore this labyrinth of over 50 science-themed dungeons!  redsto.ne/sciencefacility"
"72";"1";"1";"165039663531531_2614765328558940";"data";"fetched (200)";"2020-02-18 19:16:42.029373";"Facebook:/<page-id>/posts";"";"Lush tropical islands, charming coastal towns, and deadly walls covered in molten lava. Is this a vacation brochure? Sort of – it’s our guide to seven new and outstanding Java Realms maps! redsto.ne/diamondsandislands"
"73";"1";"1";"165039663531531_2613077485394391";"data";"fetched (200)";"2020-02-18 19:16:42.029373";"Facebook:/<page-id>/posts";"";"What’s better than a charming castle build? TWO charming castle builds! And what’s even better than that? THREE! But this article is only about two so lower your expectations accordingly before reading please. redsto.ne/curiouscastles"
"74";"1";"1";"165039663531531_2606122806089859";"data";"fetched (200)";"2020-02-18 19:16:42.029373";"Facebook:/<page-id>/posts";"";"Sorry Google Maps. You might be good with directions, but as long as you can’t help us locate woodland mansions or rare buried treasure, we'd rather stick to the Explorer Map! Find out more about its adventurous properties in this week’s Taking Inventory. https://redsto.ne/explorermap"
"75";"1";"1";"165039663531531_2599773416724798";"data";"fetched (200)";"2020-02-18 19:16:42.029373";"Facebook:/<page-id>/posts";"";"We were hoping that the community would build all sorts of inventions with honey blocks. Instead, they used it to build... sushi conveyor belts? BRILLIANT! Check out the other sweet machines you’ve all been building in our Saturday article! redsto.ne/honeyblockmachines"
"76";"1";"1";"165039663531531_2599743650061108";"data";"fetched (200)";"2020-02-18 19:16:42.029373";"Facebook:/<page-id>/posts";"";"Builders & Biomes, the official Minecraft board game, is out today! It's the Minecraft you know and love, except now you get to flip the board over if you lose.  To put it all to the test (the actual game, not the board-flipping) our writer Tom Stone set out on an epic adventure of TNT throwing, multiple-sword-wielding and constant poisonous potatoes. redsto.ne/buildersandbiomes"
"77";"1";"1";"165039663531531_2599565430078930";"data";"fetched (200)";"2020-02-18 19:16:42.029373";"Facebook:/<page-id>/posts";"";"ICYMI on Marketplace – ‘Rescue Mission: Lava Town’ by Jigarbov Productions. The whole town is on fire and the villagers need your help! Become the hot-head you were meant to be and parkour your way to save the day! redsto.ne/lavatown"
"78";"1";"1";"165039663531531_2598147116887428";"data";"fetched (200)";"2020-02-18 19:16:42.029373";"Facebook:/<page-id>/posts";"";"Unite with friends, fight new foes, and survive spectacular battles. Minecraft Dungeons arrives in April 2020. Sign up for your chance to play first: redsto.ne/minecraftdungeons"
